"Message",Low,"Iniciando la compilación nativa de .NET"
"Message",Low,""
"Message",Low,""
"Message",Low,"Tarea ""Gatekeeper"""
"Message",Normal,"Iniciando 'C:\Program Files (x86)\Microsoft SDKs\UWPNuGetPackages\runtime.win10-x64.microsoft.net.native.compiler\2.2.10-rel-29722-00\tools\x64\ilc\ilc.exe --gatekeeper @""C:\Users\angel\Desktop\ipo2-pokeGo\obj\x64\Release\ilc\intermediate\gkargs.rsp""'"
"Message",Low,"Equipo selector de Microsoft (R) .NET Native, versi�n 2.2.29722.00 "
"Message",Low,"Copyright (C) Microsoft Corporation.  All rights reserved. "
"Message",Low," "
"Message",Low,"Comprobando el ensamblado 'C:\Users\angel\Desktop\ipo2-pokeGo\obj\x64\Release\ilc\in\Microsoft.Data.Sqlite.dll'. "
"Message",Low,"Comprobando el ensamblado 'C:\Users\angel\Desktop\ipo2-pokeGo\obj\x64\Release\ilc\in\Microsoft.Toolkit.Uwp.Notifications.dll'. "
"Message",Low,"Comprobando el ensamblado 'C:\Users\angel\Desktop\ipo2-pokeGo\obj\x64\Release\ilc\in\Microsoft.UI.Xaml.winmd'. "
"Message",Low,"Comprobando el ensamblado 'C:\Users\angel\Desktop\ipo2-pokeGo\obj\x64\Release\ilc\in\Microsoft.Web.WebView2.Core.winmd'. "
"Message",Low,"Comprobando el ensamblado 'C:\Users\angel\Desktop\ipo2-pokeGo\obj\x64\Release\ilc\in\PokeGo.exe'. "
"Message",Low,"Comprobando el ensamblado 'C:\Users\angel\Desktop\ipo2-pokeGo\obj\x64\Release\ilc\in\SQLitePCLRaw.batteries_v2.dll'. "
"Message",Low,"Comprobando el ensamblado 'C:\Users\angel\Desktop\ipo2-pokeGo\obj\x64\Release\ilc\in\SQLitePCLRaw.core.dll'. "
"Message",Low,"Comprobando el ensamblado 'C:\Users\angel\Desktop\ipo2-pokeGo\obj\x64\Release\ilc\in\SQLitePCLRaw.provider.e_sqlite3.dll'. "
"Message",Normal,"'C:\Program Files (x86)\Microsoft SDKs\UWPNuGetPackages\runtime.win10-x64.microsoft.net.native.compiler\2.2.10-rel-29722-00\tools\x64\ilc\ilc.exe --gatekeeper @""C:\Users\angel\Desktop\ipo2-pokeGo\obj\x64\Release\ilc\intermediate\gkargs.rsp""' se ha completado."
"Message",Normal,"Procesar estadísticas de ejecución (todas las veces en milisegundos)"
"Message",Normal,"-----------------------------------------------------------------------------"
"Message",Normal,"inicio  |  iniciar   |   detener   |   finalizar    | duración | vigencia | nombre [ranura]"
"Message",Normal,"-----------------------------------------------------------------------------"
"Message",Normal,"       0 |        0 |      172 |      235 |      172 |      235 | [0] Gatekeeper"
"Message",Normal,"Número de comandos:      1"
"Message",Normal,"Tiempo total del sistema:       235 ms"
"Message",Normal,"Tiempo del sistema por comando: 235 ms"
"Message",Normal,"Duración total:          172 ms"
"Message",Normal,"Vigencia total:          235 ms"
"Message",Normal,"DOP solicitado:           20"
"Message",Normal,"DOP de la duración:            0,7"
"Message",Normal,"DOP de la vigencia:            1,0"
"Message",Low,"Ejecución de la tarea ""Gatekeeper"" finalizada."
"Message",Low,"Compilación del destino ""RunGatekeeper"" en el archivo ""Preparation"" finalizada."
"Message",Low,""
"Message",Low,"Compilación del destino ""CreateToolchainGeneratedAssembly"" en el archivo ""Preparation"" finalizada."
"Message",Low,""
"Message",Low,"Tarea ""PreMergeAssemblyClosure"""
"Message",Low,"Ejecución de la tarea ""PreMergeAssemblyClosure"" finalizada."
"Message",Low,"Compilación del destino ""ConstructPreMergeAssemblyClosure"" en el archivo ""Preparation"" finalizada."
"Message",Low,""
"Message",Low,"Tarea ""McgReferenceResolveFilePath"""
"Message",Low,"Ejecución de la tarea ""McgReferenceResolveFilePath"" finalizada."
"Message",Low,"Compilación del destino ""PreResolveTransforms"" en el archivo ""Preparation"" finalizada."
"Message",Low,""
"Message",Low,"Tarea ""ResolveToolchainRequiredAssemblyRoots"""
"Message",Low,"Ejecución de la tarea ""ResolveToolchainRequiredAssemblyRoots"" finalizada."
"Message",Low,"Tarea ""ILTransformAssemblyClosure"""
"Message",Low,"Ejecución de la tarea ""ILTransformAssemblyClosure"" finalizada."
"Message",Low,"Tarea ""ResolveToolchainRequiredAssemblyRoots"""
"Message",Low,"Ejecución de la tarea ""ResolveToolchainRequiredAssemblyRoots"" finalizada."
"Message",Low,"Tarea ""ReducedCopyAssemblyClosure"""
"Message",Low,"Ejecución de la tarea ""ReducedCopyAssemblyClosure"" finalizada."
"Message",Low,"Compilación del destino ""ConstructILTransformAssemblyClosure"" en el archivo ""Preparation"" finalizada."
"Message",Low,"Compilación del proyecto ""Preparation"" finalizada."
"Message",Low,""
"Message",Low,""
"Message",High,"Procesando el código de la aplicación"
"Message",Low,"Tarea ""RunILTransforms"""
"Message",Normal,"Ejecutando la transformación 'DumpNativeResources', montón en 162 MB."
"Message",Normal,"Ejecutando la transformación 'Analysis', montón en 176 MB."
"Message",Low,"Cargando 98 módulos..."
"Message",Normal,"Se importaron directivas de reflexión de 13 archivos:"
"Message",Normal,"C:\Users\angel\Desktop\ipo2-pokeGo\obj\x64\Release\ilc\in\Properties\Default.rd.xml"
"Message",Normal,"Manifiesto incrustado en System.Private.Interop: Resources.System.Private.Interop.rd.xml"
"Message",Normal,"Manifiesto incrustado en System.Private.WinRTInterop.CoreLib: Resources.System.Private.WinRTInterop.CoreLib.rd.xml"
"Message",Normal,"Manifiesto incrustado en System.Runtime.WindowsRuntime.UI.Xaml: Resources.System.Runtime.WindowsRuntime.UI.Xaml.rd.xml"
"Message",Normal,"Manifiesto incrustado en System.Data.Common: Resources.System.Data.Common.rd.xml"
"Message",Normal,"Manifiesto incrustado en System.Private.CoreLib: Resources.System.Private.CoreLib.rd.xml"
"Message",Normal,"Manifiesto incrustado en System.Private.Uri: Resources.System.Private.Uri.rd.xml"
"Message",Normal,"Manifiesto incrustado en System.Private.Reflection.Core: System.Private.Reflection.Core.rd.xml"
"Message",Normal,"Manifiesto incrustado en System.Private.Xml: System.Xml.Resources.System.Private.Xml.rd.xml"
"Message",Normal,"Manifiesto incrustado en System.ComponentModel.TypeConverter: System.ComponentModel.TypeConverter.Resources.System.ComponentModel.TypeConverter.rd.xml"
"Message",Normal,"Manifiesto incrustado en System.Runtime.Serialization.Formatters: System.Runtime.Serialization.Formatters.Resources.System.Runtime.Serialization.Formatters.rd.xml"
"Message",Normal,"Manifiesto incrustado en System.Linq.Expressions: System.Linq.Expressions.Resources.System.Linq.Expressions.rd.xml"
"Message",Normal,"Manifiesto incrustado en System.Net.Primitives: Resources.System.Net.Primitives.rd.xml"
"Message",Normal,"Se importaron elementos raíz XAML de 1 archivos:"
"Message",Normal,"C:\Users\angel\Desktop\ipo2-pokeGo\obj\x64\Release\ilc\in\PokeGo.xr.xml"
"Message",Normal,"Ejecutando la transformación 'Mcg', montón en 266 MB."
"Message",High,"Calculando la clausura de la aplicación y generando el código de interoperabilidad"
"Message",High,"  Cargando 98 módulos..."
"Message",Normal,"          P/Invoke 'sqlite3_close' se resolvió en 'sqlite3_close!e_sqlite3' desde 'e_sqlite3'."
"Message",Normal,"          P/Invoke 'sqlite3_close_v2' se resolvió en 'sqlite3_close_v2!e_sqlite3' desde 'e_sqlite3'."
"Message",Normal,"          P/Invoke 'sqlite3_enable_shared_cache' se resolvió en 'sqlite3_enable_shared_cache!e_sqlite3' desde 'e_sqlite3'."
"Message",Normal,"          P/Invoke 'sqlite3_interrupt' se resolvió en 'sqlite3_interrupt!e_sqlite3' desde 'e_sqlite3'."
"Message",Normal,"          P/Invoke 'sqlite3_finalize' se resolvió en 'sqlite3_finalize!e_sqlite3' desde 'e_sqlite3'."
"Message",Normal,"          P/Invoke 'sqlite3_reset' se resolvió en 'sqlite3_reset!e_sqlite3' desde 'e_sqlite3'."
"Message",Normal,"          P/Invoke 'sqlite3_clear_bindings' se resolvió en 'sqlite3_clear_bindings!e_sqlite3' desde 'e_sqlite3'."
"Message",Normal,"          P/Invoke 'sqlite3_stmt_status' se resolvió en 'sqlite3_stmt_status!e_sqlite3' desde 'e_sqlite3'."
"Message",Normal,"          P/Invoke 'sqlite3_bind_parameter_name' se resolvió en 'sqlite3_bind_parameter_name!e_sqlite3' desde 'e_sqlite3'."
"Message",Normal,"          P/Invoke 'sqlite3_column_database_name' se resolvió en 'sqlite3_column_database_name!e_sqlite3' desde 'e_sqlite3'."
"Message",Normal,"          P/Invoke 'sqlite3_column_decltype' se resolvió en 'sqlite3_column_decltype!e_sqlite3' desde 'e_sqlite3'."
"Message",Normal,"          P/Invoke 'sqlite3_column_name' se resolvió en 'sqlite3_column_name!e_sqlite3' desde 'e_sqlite3'."
"Message",Normal,"          P/Invoke 'sqlite3_column_origin_name' se resolvió en 'sqlite3_column_origin_name!e_sqlite3' desde 'e_sqlite3'."
"Message",Normal,"          P/Invoke 'sqlite3_column_table_name' se resolvió en 'sqlite3_column_table_name!e_sqlite3' desde 'e_sqlite3'."
"Message",Normal,"          P/Invoke 'sqlite3_column_text' se resolvió en 'sqlite3_column_text!e_sqlite3' desde 'e_sqlite3'."
"Message",Normal,"          P/Invoke 'sqlite3_errmsg' se resolvió en 'sqlite3_errmsg!e_sqlite3' desde 'e_sqlite3'."
"Message",Normal,"          P/Invoke 'sqlite3_db_readonly' se resolvió en 'sqlite3_db_readonly!e_sqlite3' desde 'e_sqlite3'."
"Message",Normal,"          P/Invoke 'sqlite3_db_filename' se resolvió en 'sqlite3_db_filename!e_sqlite3' desde 'e_sqlite3'."
"Message",Normal,"          P/Invoke 'sqlite3_prepare_v2' se resolvió en 'sqlite3_prepare_v2!e_sqlite3' desde 'e_sqlite3'."
"Message",Normal,"          P/Invoke 'sqlite3_prepare_v3' se resolvió en 'sqlite3_prepare_v3!e_sqlite3' desde 'e_sqlite3'."
"Message",Normal,"          P/Invoke 'sqlite3_db_status' se resolvió en 'sqlite3_db_status!e_sqlite3' desde 'e_sqlite3'."
"Message",Normal,"          P/Invoke 'sqlite3_complete' se resolvió en 'sqlite3_complete!e_sqlite3' desde 'e_sqlite3'."
"Message",Normal,"          P/Invoke 'sqlite3_compileoption_used' se resolvió en 'sqlite3_compileoption_used!e_sqlite3' desde 'e_sqlite3'."
"Message",Normal,"          P/Invoke 'sqlite3_compileoption_get' se resolvió en 'sqlite3_compileoption_get!e_sqlite3' desde 'e_sqlite3'."
"Message",Normal,"          P/Invoke 'sqlite3_table_column_metadata' se resolvió en 'sqlite3_table_column_metadata!e_sqlite3' desde 'e_sqlite3'."
"Message",Normal,"          P/Invoke 'sqlite3_value_text' se resolvió en 'sqlite3_value_text!e_sqlite3' desde 'e_sqlite3'."
"Message",Normal,"          P/Invoke 'sqlite3_enable_load_extension' se resolvió en 'sqlite3_enable_load_extension!e_sqlite3' desde 'e_sqlite3'."
"Message",Normal,"          P/Invoke 'sqlite3_limit' se resolvió en 'sqlite3_limit!e_sqlite3' desde 'e_sqlite3'."
"Message",Normal,"          P/Invoke 'sqlite3_initialize' se resolvió en 'sqlite3_initialize!e_sqlite3' desde 'e_sqlite3'."
"Message",Normal,"          P/Invoke 'sqlite3_shutdown' se resolvió en 'sqlite3_shutdown!e_sqlite3' desde 'e_sqlite3'."
"Message",Normal,"          P/Invoke 'sqlite3_libversion' se resolvió en 'sqlite3_libversion!e_sqlite3' desde 'e_sqlite3'."
"Message",Normal,"          P/Invoke 'sqlite3_libversion_number' se resolvió en 'sqlite3_libversion_number!e_sqlite3' desde 'e_sqlite3'."
"Message",Normal,"          P/Invoke 'sqlite3_threadsafe' se resolvió en 'sqlite3_threadsafe!e_sqlite3' desde 'e_sqlite3'."
"Message",Normal,"          P/Invoke 'sqlite3_sourceid' se resolvió en 'sqlite3_sourceid!e_sqlite3' desde 'e_sqlite3'."
"Message",Normal,"          P/Invoke 'sqlite3_malloc' se resolvió en 'sqlite3_malloc!e_sqlite3' desde 'e_sqlite3'."
"Message",Normal,"          P/Invoke 'sqlite3_realloc' se resolvió en 'sqlite3_realloc!e_sqlite3' desde 'e_sqlite3'."
"Message",Normal,"          P/Invoke 'sqlite3_free' se resolvió en 'sqlite3_free!e_sqlite3' desde 'e_sqlite3'."
"Message",Normal,"          P/Invoke 'sqlite3_stricmp' se resolvió en 'sqlite3_stricmp!e_sqlite3' desde 'e_sqlite3'."
"Message",Normal,"          P/Invoke 'sqlite3_strnicmp' se resolvió en 'sqlite3_strnicmp!e_sqlite3' desde 'e_sqlite3'."
"Message",Normal,"          P/Invoke 'sqlite3_open' se resolvió en 'sqlite3_open!e_sqlite3' desde 'e_sqlite3'."
"Message",Normal,"          P/Invoke 'sqlite3_open_v2' se resolvió en 'sqlite3_open_v2!e_sqlite3' desde 'e_sqlite3'."
"Message",Normal,"          P/Invoke 'sqlite3_vfs_find' se resolvió en 'sqlite3_vfs_find!e_sqlite3' desde 'e_sqlite3'."
"Message",Normal,"          P/Invoke 'sqlite3_last_insert_rowid' se resolvió en 'sqlite3_last_insert_rowid!e_sqlite3' desde 'e_sqlite3'."
"Message",Normal,"          P/Invoke 'sqlite3_changes' se resolvió en 'sqlite3_changes!e_sqlite3' desde 'e_sqlite3'."
"Message",Normal,"          P/Invoke 'sqlite3_total_changes' se resolvió en 'sqlite3_total_changes!e_sqlite3' desde 'e_sqlite3'."
"Message",Normal,"          P/Invoke 'sqlite3_memory_used' se resolvió en 'sqlite3_memory_used!e_sqlite3' desde 'e_sqlite3'."
"Message",Normal,"          P/Invoke 'sqlite3_memory_highwater' se resolvió en 'sqlite3_memory_highwater!e_sqlite3' desde 'e_sqlite3'."
"Message",Normal,"          P/Invoke 'sqlite3_soft_heap_limit64' se resolvió en 'sqlite3_soft_heap_limit64!e_sqlite3' desde 'e_sqlite3'."
"Message",Normal,"          P/Invoke 'sqlite3_hard_heap_limit64' se resolvió en 'sqlite3_hard_heap_limit64!e_sqlite3' desde 'e_sqlite3'."
"Message",Normal,"          P/Invoke 'sqlite3_status' se resolvió en 'sqlite3_status!e_sqlite3' desde 'e_sqlite3'."
"Message",Normal,"          P/Invoke 'sqlite3_busy_timeout' se resolvió en 'sqlite3_busy_timeout!e_sqlite3' desde 'e_sqlite3'."
"Message",Normal,"          P/Invoke 'sqlite3_bind_blob' se resolvió en 'sqlite3_bind_blob!e_sqlite3' desde 'e_sqlite3'."
"Message",Normal,"          P/Invoke 'sqlite3_bind_zeroblob' se resolvió en 'sqlite3_bind_zeroblob!e_sqlite3' desde 'e_sqlite3'."
"Message",Normal,"          P/Invoke 'sqlite3_bind_double' se resolvió en 'sqlite3_bind_double!e_sqlite3' desde 'e_sqlite3'."
"Message",Normal,"          P/Invoke 'sqlite3_bind_int' se resolvió en 'sqlite3_bind_int!e_sqlite3' desde 'e_sqlite3'."
"Message",Normal,"          P/Invoke 'sqlite3_bind_int64' se resolvió en 'sqlite3_bind_int64!e_sqlite3' desde 'e_sqlite3'."
"Message",Normal,"          P/Invoke 'sqlite3_bind_null' se resolvió en 'sqlite3_bind_null!e_sqlite3' desde 'e_sqlite3'."
"Message",Normal,"          P/Invoke 'sqlite3_bind_text' se resolvió en 'sqlite3_bind_text!e_sqlite3' desde 'e_sqlite3'."
"Message",Normal,"          P/Invoke 'sqlite3_bind_text16' se resolvió en 'sqlite3_bind_text16!e_sqlite3' desde 'e_sqlite3'."
"Message",Normal,"          P/Invoke 'sqlite3_bind_parameter_count' se resolvió en 'sqlite3_bind_parameter_count!e_sqlite3' desde 'e_sqlite3'."
"Message",Normal,"          P/Invoke 'sqlite3_bind_parameter_index' se resolvió en 'sqlite3_bind_parameter_index!e_sqlite3' desde 'e_sqlite3'."
"Message",Normal,"          P/Invoke 'sqlite3_column_count' se resolvió en 'sqlite3_column_count!e_sqlite3' desde 'e_sqlite3'."
"Message",Normal,"          P/Invoke 'sqlite3_data_count' se resolvió en 'sqlite3_data_count!e_sqlite3' desde 'e_sqlite3'."
"Message",Normal,"          P/Invoke 'sqlite3_step' se resolvió en 'sqlite3_step!e_sqlite3' desde 'e_sqlite3'."
"Message",Normal,"          P/Invoke 'sqlite3_sql' se resolvió en 'sqlite3_sql!e_sqlite3' desde 'e_sqlite3'."
"Message",Normal,"          P/Invoke 'sqlite3_column_double' se resolvió en 'sqlite3_column_double!e_sqlite3' desde 'e_sqlite3'."
"Message",Normal,"          P/Invoke 'sqlite3_column_int' se resolvió en 'sqlite3_column_int!e_sqlite3' desde 'e_sqlite3'."
"Message",Normal,"          P/Invoke 'sqlite3_column_int64' se resolvió en 'sqlite3_column_int64!e_sqlite3' desde 'e_sqlite3'."
"Message",Normal,"          P/Invoke 'sqlite3_column_blob' se resolvió en 'sqlite3_column_blob!e_sqlite3' desde 'e_sqlite3'."
"Message",Normal,"          P/Invoke 'sqlite3_column_bytes' se resolvió en 'sqlite3_column_bytes!e_sqlite3' desde 'e_sqlite3'."
"Message",Normal,"          P/Invoke 'sqlite3_column_type' se resolvió en 'sqlite3_column_type!e_sqlite3' desde 'e_sqlite3'."
"Message",Normal,"          P/Invoke 'sqlite3_aggregate_count' se resolvió en 'sqlite3_aggregate_count!e_sqlite3' desde 'e_sqlite3'."
"Message",Normal,"          P/Invoke 'sqlite3_value_blob' se resolvió en 'sqlite3_value_blob!e_sqlite3' desde 'e_sqlite3'."
"Message",Normal,"          P/Invoke 'sqlite3_value_bytes' se resolvió en 'sqlite3_value_bytes!e_sqlite3' desde 'e_sqlite3'."
"Message",Normal,"          P/Invoke 'sqlite3_value_double' se resolvió en 'sqlite3_value_double!e_sqlite3' desde 'e_sqlite3'."
"Message",Normal,"          P/Invoke 'sqlite3_value_int' se resolvió en 'sqlite3_value_int!e_sqlite3' desde 'e_sqlite3'."
"Message",Normal,"          P/Invoke 'sqlite3_value_int64' se resolvió en 'sqlite3_value_int64!e_sqlite3' desde 'e_sqlite3'."
"Message",Normal,"          P/Invoke 'sqlite3_value_type' se resolvió en 'sqlite3_value_type!e_sqlite3' desde 'e_sqlite3'."
"Message",Normal,"          P/Invoke 'sqlite3_user_data' se resolvió en 'sqlite3_user_data!e_sqlite3' desde 'e_sqlite3'."
"Message",Normal,"          P/Invoke 'sqlite3_result_blob' se resolvió en 'sqlite3_result_blob!e_sqlite3' desde 'e_sqlite3'."
"Message",Normal,"          P/Invoke 'sqlite3_result_double' se resolvió en 'sqlite3_result_double!e_sqlite3' desde 'e_sqlite3'."
"Message",Normal,"          P/Invoke 'sqlite3_result_error' se resolvió en 'sqlite3_result_error!e_sqlite3' desde 'e_sqlite3'."
"Message",Normal,"          P/Invoke 'sqlite3_result_int' se resolvió en 'sqlite3_result_int!e_sqlite3' desde 'e_sqlite3'."
"Message",Normal,"          P/Invoke 'sqlite3_result_int64' se resolvió en 'sqlite3_result_int64!e_sqlite3' desde 'e_sqlite3'."
"Message",Normal,"          P/Invoke 'sqlite3_result_null' se resolvió en 'sqlite3_result_null!e_sqlite3' desde 'e_sqlite3'."
"Message",Normal,"          P/Invoke 'sqlite3_result_text' se resolvió en 'sqlite3_result_text!e_sqlite3' desde 'e_sqlite3'."
"Message",Normal,"          P/Invoke 'sqlite3_result_zeroblob' se resolvió en 'sqlite3_result_zeroblob!e_sqlite3' desde 'e_sqlite3'."
"Message",Normal,"          P/Invoke 'sqlite3_result_error_toobig' se resolvió en 'sqlite3_result_error_toobig!e_sqlite3' desde 'e_sqlite3'."
"Message",Normal,"          P/Invoke 'sqlite3_result_error_nomem' se resolvió en 'sqlite3_result_error_nomem!e_sqlite3' desde 'e_sqlite3'."
"Message",Normal,"          P/Invoke 'sqlite3_result_error_code' se resolvió en 'sqlite3_result_error_code!e_sqlite3' desde 'e_sqlite3'."
"Message",Normal,"          P/Invoke 'sqlite3_aggregate_context' se resolvió en 'sqlite3_aggregate_context!e_sqlite3' desde 'e_sqlite3'."
"Message",Normal,"          P/Invoke 'sqlite3_config' se resolvió en 'sqlite3_config!e_sqlite3' desde 'e_sqlite3'."
"Message",Normal,"          P/Invoke 'sqlite3_config' se resolvió en 'sqlite3_config!e_sqlite3' desde 'e_sqlite3'."
"Message",Normal,"          P/Invoke 'sqlite3_config' se resolvió en 'sqlite3_config!e_sqlite3' desde 'e_sqlite3'."
"Message",Normal,"          P/Invoke 'sqlite3_config' se resolvió en 'sqlite3_config!e_sqlite3' desde 'e_sqlite3'."
"Message",Normal,"          P/Invoke 'sqlite3_config' se resolvió en 'sqlite3_config!e_sqlite3' desde 'e_sqlite3'."
"Message",Normal,"          P/Invoke 'sqlite3_db_config' se resolvió en 'sqlite3_db_config!e_sqlite3' desde 'e_sqlite3'."
"Message",Normal,"          P/Invoke 'sqlite3_db_config' se resolvió en 'sqlite3_db_config!e_sqlite3' desde 'e_sqlite3'."
"Message",Normal,"          P/Invoke 'sqlite3_db_config' se resolvió en 'sqlite3_db_config!e_sqlite3' desde 'e_sqlite3'."
"Message",Normal,"          P/Invoke 'sqlite3_db_config' se resolvió en 'sqlite3_db_config!e_sqlite3' desde 'e_sqlite3'."
"Message",Normal,"          P/Invoke 'sqlite3_db_config' se resolvió en 'sqlite3_db_config!e_sqlite3' desde 'e_sqlite3'."
"Message",Normal,"          P/Invoke 'sqlite3_db_config' se resolvió en 'sqlite3_db_config!e_sqlite3' desde 'e_sqlite3'."
"Message",Normal,"          P/Invoke 'sqlite3_create_collation' se resolvió en 'sqlite3_create_collation!e_sqlite3' desde 'e_sqlite3'."
"Message",Normal,"          P/Invoke 'sqlite3_update_hook' se resolvió en 'sqlite3_update_hook!e_sqlite3' desde 'e_sqlite3'."
"Message",Normal,"          P/Invoke 'sqlite3_commit_hook' se resolvió en 'sqlite3_commit_hook!e_sqlite3' desde 'e_sqlite3'."
"Message",Normal,"          P/Invoke 'sqlite3_profile' se resolvió en 'sqlite3_profile!e_sqlite3' desde 'e_sqlite3'."
"Message",Normal,"          P/Invoke 'sqlite3_progress_handler' se resolvió en 'sqlite3_progress_handler!e_sqlite3' desde 'e_sqlite3'."
"Message",Normal,"          P/Invoke 'sqlite3_trace' se resolvió en 'sqlite3_trace!e_sqlite3' desde 'e_sqlite3'."
"Message",Normal,"          P/Invoke 'sqlite3_rollback_hook' se resolvió en 'sqlite3_rollback_hook!e_sqlite3' desde 'e_sqlite3'."
"Message",Normal,"          P/Invoke 'sqlite3_db_handle' se resolvió en 'sqlite3_db_handle!e_sqlite3' desde 'e_sqlite3'."
"Message",Normal,"          P/Invoke 'sqlite3_next_stmt' se resolvió en 'sqlite3_next_stmt!e_sqlite3' desde 'e_sqlite3'."
"Message",Normal,"          P/Invoke 'sqlite3_stmt_isexplain' se resolvió en 'sqlite3_stmt_isexplain!e_sqlite3' desde 'e_sqlite3'."
"Message",Normal,"          P/Invoke 'sqlite3_stmt_busy' se resolvió en 'sqlite3_stmt_busy!e_sqlite3' desde 'e_sqlite3'."
"Message",Normal,"          P/Invoke 'sqlite3_stmt_readonly' se resolvió en 'sqlite3_stmt_readonly!e_sqlite3' desde 'e_sqlite3'."
"Message",Normal,"          P/Invoke 'sqlite3_exec' se resolvió en 'sqlite3_exec!e_sqlite3' desde 'e_sqlite3'."
"Message",Normal,"          P/Invoke 'sqlite3_get_autocommit' se resolvió en 'sqlite3_get_autocommit!e_sqlite3' desde 'e_sqlite3'."
"Message",Normal,"          P/Invoke 'sqlite3_extended_result_codes' se resolvió en 'sqlite3_extended_result_codes!e_sqlite3' desde 'e_sqlite3'."
"Message",Normal,"          P/Invoke 'sqlite3_errcode' se resolvió en 'sqlite3_errcode!e_sqlite3' desde 'e_sqlite3'."
"Message",Normal,"          P/Invoke 'sqlite3_extended_errcode' se resolvió en 'sqlite3_extended_errcode!e_sqlite3' desde 'e_sqlite3'."
"Message",Normal,"          P/Invoke 'sqlite3_errstr' se resolvió en 'sqlite3_errstr!e_sqlite3' desde 'e_sqlite3'."
"Message",Normal,"          P/Invoke 'sqlite3_log' se resolvió en 'sqlite3_log!e_sqlite3' desde 'e_sqlite3'."
"Message",Normal,"          P/Invoke 'sqlite3_file_control' se resolvió en 'sqlite3_file_control!e_sqlite3' desde 'e_sqlite3'."
"Message",Normal,"          P/Invoke 'sqlite3_backup_init' se resolvió en 'sqlite3_backup_init!e_sqlite3' desde 'e_sqlite3'."
"Message",Normal,"          P/Invoke 'sqlite3_backup_step' se resolvió en 'sqlite3_backup_step!e_sqlite3' desde 'e_sqlite3'."
"Message",Normal,"          P/Invoke 'sqlite3_backup_remaining' se resolvió en 'sqlite3_backup_remaining!e_sqlite3' desde 'e_sqlite3'."
"Message",Normal,"          P/Invoke 'sqlite3_backup_pagecount' se resolvió en 'sqlite3_backup_pagecount!e_sqlite3' desde 'e_sqlite3'."
"Message",Normal,"          P/Invoke 'sqlite3_backup_finish' se resolvió en 'sqlite3_backup_finish!e_sqlite3' desde 'e_sqlite3'."
"Message",Normal,"          P/Invoke 'sqlite3_snapshot_get' se resolvió en 'sqlite3_snapshot_get!e_sqlite3' desde 'e_sqlite3'."
"Message",Normal,"          P/Invoke 'sqlite3_snapshot_open' se resolvió en 'sqlite3_snapshot_open!e_sqlite3' desde 'e_sqlite3'."
"Message",Normal,"          P/Invoke 'sqlite3_snapshot_recover' se resolvió en 'sqlite3_snapshot_recover!e_sqlite3' desde 'e_sqlite3'."
"Message",Normal,"          P/Invoke 'sqlite3_snapshot_cmp' se resolvió en 'sqlite3_snapshot_cmp!e_sqlite3' desde 'e_sqlite3'."
"Message",Normal,"          P/Invoke 'sqlite3_snapshot_free' se resolvió en 'sqlite3_snapshot_free!e_sqlite3' desde 'e_sqlite3'."
"Message",Normal,"          P/Invoke 'sqlite3_blob_open' se resolvió en 'sqlite3_blob_open!e_sqlite3' desde 'e_sqlite3'."
"Message",Normal,"          P/Invoke 'sqlite3_blob_write' se resolvió en 'sqlite3_blob_write!e_sqlite3' desde 'e_sqlite3'."
"Message",Normal,"          P/Invoke 'sqlite3_blob_read' se resolvió en 'sqlite3_blob_read!e_sqlite3' desde 'e_sqlite3'."
"Message",Normal,"          P/Invoke 'sqlite3_blob_bytes' se resolvió en 'sqlite3_blob_bytes!e_sqlite3' desde 'e_sqlite3'."
"Message",Normal,"          P/Invoke 'sqlite3_blob_reopen' se resolvió en 'sqlite3_blob_reopen!e_sqlite3' desde 'e_sqlite3'."
"Message",Normal,"          P/Invoke 'sqlite3_blob_close' se resolvió en 'sqlite3_blob_close!e_sqlite3' desde 'e_sqlite3'."
"Message",Normal,"          P/Invoke 'sqlite3_wal_autocheckpoint' se resolvió en 'sqlite3_wal_autocheckpoint!e_sqlite3' desde 'e_sqlite3'."
"Message",Normal,"          P/Invoke 'sqlite3_wal_checkpoint' se resolvió en 'sqlite3_wal_checkpoint!e_sqlite3' desde 'e_sqlite3'."
"Message",Normal,"          P/Invoke 'sqlite3_wal_checkpoint_v2' se resolvió en 'sqlite3_wal_checkpoint_v2!e_sqlite3' desde 'e_sqlite3'."
"Message",Normal,"          P/Invoke 'sqlite3_set_authorizer' se resolvió en 'sqlite3_set_authorizer!e_sqlite3' desde 'e_sqlite3'."
"Message",Normal,"          P/Invoke 'sqlite3_win32_set_directory8' se resolvió en 'sqlite3_win32_set_directory8!e_sqlite3' desde 'e_sqlite3'."
"Message",Normal,"          P/Invoke 'sqlite3_create_function_v2' se resolvió en 'sqlite3_create_function_v2!e_sqlite3' desde 'e_sqlite3'."
"Message",Normal,"          P/Invoke 'sqlite3_keyword_count' se resolvió en 'sqlite3_keyword_count!e_sqlite3' desde 'e_sqlite3'."
"Message",Normal,"          P/Invoke 'sqlite3_keyword_name' se resolvió en 'sqlite3_keyword_name!e_sqlite3' desde 'e_sqlite3'."
"Message",Normal,"          P/Invoke 'RhpGetFuncEvalParameterBufferSize' con [DllImport(ExactSpelling=true)] resuelto en '[MRT]!RhpGetFuncEvalParameterBufferSize'."
"Message",Normal,"          P/Invoke 'RhpGetFuncEvalMode' con [DllImport(ExactSpelling=true)] resuelto en '[MRT]!RhpGetFuncEvalMode'."
"Message",Normal,"          P/Invoke 'RhpRecordDebuggeeInitiatedHandle' con [DllImport(ExactSpelling=true)] resuelto en '[MRT]!RhpRecordDebuggeeInitiatedHandle'."
"Message",Normal,"          P/Invoke 'RhpVerifyDebuggerCleanup' con [DllImport(ExactSpelling=true)] resuelto en '[MRT]!RhpVerifyDebuggerCleanup'."
"Message",Normal,"          P/Invoke 'RhpGetCurrentThread' con [DllImport(ExactSpelling=true)] resuelto en '[MRT]!RhpGetCurrentThread'."
"Message",Normal,"          P/Invoke 'RhWaitForPendingFinalizers' con [DllImport(ExactSpelling=true)] resuelto en '[MRT]!RhWaitForPendingFinalizers'."
"Message",Normal,"          P/Invoke 'RhYield' con [DllImport(ExactSpelling=true)] resuelto en '[MRT]!RhYield'."
"Message",Normal,"          P/Invoke 'RhFlushProcessWriteBuffers' con [DllImport(ExactSpelling=true)] resuelto en '[MRT]!RhFlushProcessWriteBuffers'."
"Message",Normal,"          P/Invoke 'RhCompatibleReentrantWaitAny' con [DllImport(ExactSpelling=true)] resuelto en '[MRT]!RhCompatibleReentrantWaitAny'."
"Message",Normal,"          P/Invoke 'RhCallDescrWorker' con [DllImport(ExactSpelling=true)] resuelto en '[MRT]!RhCallDescrWorker'."
"Message",Normal,"          P/Invoke '_ecvt_s' con [DllImport(ExactSpelling=true)] resuelto en '[MRT]!_ecvt_s'."
"Message",Normal,"          P/Invoke 'memmove' con [DllImport(ExactSpelling=true)] resuelto en '[MRT]!memmove'."
"Message",Normal,"          P/Invoke 'memset' con [DllImport(ExactSpelling=true)] resuelto en '[MRT]!memset'."
"Message",Normal,"          P/Invoke 'CallingConventionConverter_GetStubs' con [DllImport(ExactSpelling=true)] resuelto en '*!CallingConventionConverter_GetStubs'."
"Message",Normal,"          P/Invoke 'WindowsCreateStringReference' se resolvió en 'WindowsCreateStringReference!api-ms-win-core-winrt-string-l1-1-0.dll' desde 'SupportedAPIs.xml'."
"Message",Normal,"          P/Invoke 'GetLastError' se resolvió en 'GetLastError!api-ms-win-core-errorhandling-l1-1-0.dll' desde 'SupportedAPIs.xml'."
"Message",Normal,"          P/Invoke 'SetLastError' se resolvió en 'SetLastError!api-ms-win-core-errorhandling-l1-1-0.dll' desde 'SupportedAPIs.xml'."
"Message",Normal,"          P/Invoke 'RoInitialize' se resolvió en 'RoInitialize!api-ms-win-core-winrt-l1-1-0.dll' desde 'SupportedAPIs.xml'."
"Message",Normal,"          P/Invoke 'GetSystemInfo' se resolvió en 'GetSystemInfo!kernel32.dll' desde 'SupportedAPIs.xml'."
"Message",Normal,"          P/Invoke 'IsValidLocaleName' se resolvió en 'IsValidLocaleName!api-ms-win-core-localization-l1-2-0.dll' desde 'SupportedAPIs.xml'."
"Message",Normal,"          P/Invoke 'ResolveLocaleName' se resolvió en 'ResolveLocaleName!api-ms-win-core-localization-l1-2-0.dll' desde 'SupportedAPIs.xml'."
"Message",Normal,"          P/Invoke 'CertDuplicateCertificateContext' se resolvió en 'CertDuplicateCertificateContext!crypt32.dll' desde 'SupportedAPIs.xml'."
"Message",Normal,"          P/Invoke 'CertGetCertificateContextProperty' se resolvió en 'CertGetCertificateContextProperty!crypt32.dll' desde 'SupportedAPIs.xml'."
"Message",Normal,"          P/Invoke 'GetCPInfoExW' se resolvió en 'GetCPInfoExW!kernel32.dll' desde 'SupportedAPIs.xml'."
"Message",Normal,"          P/Invoke 'CryptQueryObject' se resolvió en 'CryptQueryObject!crypt32.dll' desde 'SupportedAPIs.xml'."
"Message",Normal,"          P/Invoke 'CertDuplicateCertificateContext' se resolvió en 'CertDuplicateCertificateContext!crypt32.dll' desde 'SupportedAPIs.xml'."
"Message",Normal,"          P/Invoke 'CertFreeCertificateContext' se resolvió en 'CertFreeCertificateContext!crypt32.dll' desde 'SupportedAPIs.xml'."
"Message",Normal,"          P/Invoke 'CryptMsgGetParam' se resolvió en 'CryptMsgGetParam!crypt32.dll' desde 'SupportedAPIs.xml'."
"Message",Normal,"          P/Invoke 'CryptMsgGetParam' se resolvió en 'CryptMsgGetParam!crypt32.dll' desde 'SupportedAPIs.xml'."
"Message",Normal,"          P/Invoke 'PFXImportCertStore' se resolvió en 'PFXImportCertStore!crypt32.dll' desde 'SupportedAPIs.xml'."
"Message",Normal,"          P/Invoke 'CryptFindOIDInfo' se resolvió en 'CryptFindOIDInfo!crypt32.dll' desde 'SupportedAPIs.xml'."
"Message",Normal,"          P/Invoke 'CoCreateInstance' se resolvió en 'CoCreateInstance!api-ms-win-core-com-l1-1-0.dll' desde 'SupportedAPIs.xml'."
"Message",Normal,"          P/Invoke 'CertGetCertificateContextProperty' se resolvió en 'CertGetCertificateContextProperty!crypt32.dll' desde 'SupportedAPIs.xml'."
"Message",Normal,"          P/Invoke 'CertCloseStore' se resolvió en 'CertCloseStore!crypt32.dll' desde 'SupportedAPIs.xml'."
"Message",Normal,"          P/Invoke 'CryptMsgClose' se resolvió en 'CryptMsgClose!crypt32.dll' desde 'SupportedAPIs.xml'."
"Message",Normal,"          P/Invoke 'CertFindCertificateInStore' se resolvió en 'CertFindCertificateInStore!crypt32.dll' desde 'SupportedAPIs.xml'."
"Message",Normal,"          P/Invoke 'CryptAcquireContextW' se resolvió en 'CryptAcquireContextW!advapi32.dll' desde 'SupportedAPIs.xml'."
"Message",Normal,"          P/Invoke 'CertEnumCertificatesInStore' se resolvió en 'CertEnumCertificatesInStore!crypt32.dll' desde 'SupportedAPIs.xml'."
"Message",Normal,"          P/Invoke 'WSAGetOverlappedResult' se resolvió en 'WSAGetOverlappedResult!ws2_32.dll' desde 'SupportedAPIs.xml'."
"Message",Normal,"          P/Invoke 'SysFreeString' se resolvió en 'SysFreeString!OleAut32' desde 'SupportedAPIs.xml'."
"Message",Normal,"          P/Invoke 'FormatMessageW' se resolvió en 'FormatMessageW!kernel32.dll' desde 'SupportedAPIs.xml'."
"Message",Normal,"          P/Invoke 'CertGetNameStringW' se resolvió en 'CertGetNameStringW!crypt32.dll' desde 'SupportedAPIs.xml'."
"Message",Normal,"          P/Invoke 'NCryptOpenKey' se resolvió en 'NCryptOpenKey!ncrypt.dll' desde 'SupportedAPIs.xml'."
"Message",Normal,"          P/Invoke 'setsockopt' se resolvió en 'setsockopt!ws2_32.dll' desde 'SupportedAPIs.xml'."
"Message",Normal,"          P/Invoke 'setsockopt' se resolvió en 'setsockopt!ws2_32.dll' desde 'SupportedAPIs.xml'."
"Message",Normal,"          P/Invoke 'NCryptDeleteKey' se resolvió en 'NCryptDeleteKey!ncrypt.dll' desde 'SupportedAPIs.xml'."
"Message",Normal,"          P/Invoke 'NCryptOpenStorageProvider' se resolvió en 'NCryptOpenStorageProvider!ncrypt.dll' desde 'SupportedAPIs.xml'."
"Message",Normal,"          P/Invoke 'NCryptFreeObject' se resolvió en 'NCryptFreeObject!ncrypt.dll' desde 'SupportedAPIs.xml'."
"Message",Normal,"          P/Invoke 'FormatMessageW' se resolvió en 'FormatMessageW!kernel32.dll' desde 'SupportedAPIs.xml'."
"Message",Normal,"          P/Invoke 'FormatMessageW' se resolvió en 'FormatMessageW!kernel32.dll' desde 'SupportedAPIs.xml'."
"Message",Normal,"          P/Invoke 'RoGetBufferMarshaler' se resolvió en 'RoGetBufferMarshaler!api-ms-win-core-winrt-robuffer-l1-1-0.dll' desde 'SupportedAPIs.xml'."
"Message",Normal,"          P/Invoke 'BCryptGenRandom' se resolvió en 'BCryptGenRandom!BCrypt.dll' desde 'SupportedAPIs.xml'."
"Message",Normal,"          P/Invoke 'FormatMessageW' se resolvió en 'FormatMessageW!kernel32.dll' desde 'SupportedAPIs.xml'."
"Message",Normal,"          P/Invoke 'getsockname' se resolvió en 'getsockname!ws2_32.dll' desde 'SupportedAPIs.xml'."
"Message",Normal,"          P/Invoke 'getpeername' se resolvió en 'getpeername!ws2_32.dll' desde 'SupportedAPIs.xml'."
"Message",Normal,"          P/Invoke 'WSAStartup' se resolvió en 'WSAStartup!ws2_32.dll' desde 'SupportedAPIs.xml'."
"Message",Normal,"          P/Invoke 'select' se resolvió en 'select!ws2_32.dll' desde 'SupportedAPIs.xml'."
"Message",Normal,"          P/Invoke 'select' se resolvió en 'select!ws2_32.dll' desde 'SupportedAPIs.xml'."
"Message",Normal,"          P/Invoke 'ioctlsocket' se resolvió en 'ioctlsocket!ws2_32.dll' desde 'SupportedAPIs.xml'."
"Message",Normal,"          P/Invoke 'shutdown' se resolvió en 'shutdown!ws2_32.dll' desde 'SupportedAPIs.xml'."
"Message",Normal,"          P/Invoke 'setsockopt' se resolvió en 'setsockopt!ws2_32.dll' desde 'SupportedAPIs.xml'."
"Message",Normal,"          P/Invoke 'recv' se resolvió en 'recv!ws2_32.dll' desde 'SupportedAPIs.xml'."
"Message",Normal,"          P/Invoke 'WSAIoctl' se resolvió en 'WSAIoctl!ws2_32.dll' desde 'SupportedAPIs.xml'."
"Message",Normal,"          P/Invoke 'CertGetNameStringW' se resolvió en 'CertGetNameStringW!crypt32.dll' desde 'SupportedAPIs.xml'."
"Message",Normal,"          P/Invoke 'RevertToSelf' se resolvió en 'RevertToSelf!advapi32.dll' desde 'SupportedAPIs.xml'."
"Message",Normal,"          P/Invoke 'ImpersonateLoggedOnUser' se resolvió en 'ImpersonateLoggedOnUser!advapi32.dll' desde 'SupportedAPIs.xml'."
"Message",Normal,"          P/Invoke 'GetAddrInfoW' se resolvió en 'GetAddrInfoW!ws2_32.dll' desde 'SupportedAPIs.xml'."
"Message",Normal,"          P/Invoke 'WSASocketW' se resolvió en 'WSASocketW!ws2_32.dll' desde 'SupportedAPIs.xml'."
"Message",Normal,"          P/Invoke 'closesocket' se resolvió en 'closesocket!ws2_32.dll' desde 'SupportedAPIs.xml'."
"Message",Normal,"          P/Invoke 'WSASocketW' se resolvió en 'WSASocketW!ws2_32.dll' desde 'SupportedAPIs.xml'."
"Message",Normal,"          P/Invoke 'WSAConnect' se resolvió en 'WSAConnect!ws2_32.dll' desde 'SupportedAPIs.xml'."
"Message",Normal,"          P/Invoke 'listen' se resolvió en 'listen!ws2_32.dll' desde 'SupportedAPIs.xml'."
"Message",Normal,"          P/Invoke 'GetCurrentThread' se resolvió en 'GetCurrentThread!kernel32.dll' desde 'SupportedAPIs.xml'."
"Message",Normal,"          P/Invoke 'OpenThreadToken' se resolvió en 'OpenThreadToken!advapi32.dll' desde 'SupportedAPIs.xml'."
"Message",Normal,"          P/Invoke 'GetCurrentProcess' se resolvió en 'GetCurrentProcess!kernel32.dll' desde 'SupportedAPIs.xml'."
"Message",Normal,"          P/Invoke 'OpenProcessToken' se resolvió en 'OpenProcessToken!advapi32.dll' desde 'SupportedAPIs.xml'."
"Message",Normal,"          P/Invoke 'bind' se resolvió en 'bind!ws2_32.dll' desde 'SupportedAPIs.xml'."
"Message",Normal,"          P/Invoke 'CryptGetKeyParam' se resolvió en 'CryptGetKeyParam!advapi32.dll' desde 'SupportedAPIs.xml'."
"Message",Normal,"          P/Invoke 'getsockopt' se resolvió en 'getsockopt!ws2_32.dll' desde 'SupportedAPIs.xml'."
"Message",Normal,"          P/Invoke 'send' se resolvió en 'send!ws2_32.dll' desde 'SupportedAPIs.xml'."
"Message",Normal,"          P/Invoke 'CryptFindOIDInfo' se resolvió en 'CryptFindOIDInfo!crypt32.dll' desde 'SupportedAPIs.xml'."
"Message",Normal,"          P/Invoke 'CloseHandle' se resolvió en 'CloseHandle!kernel32.dll' desde 'SupportedAPIs.xml'."
"Message",Normal,"          P/Invoke 'freeaddrinfo' se resolvió en 'freeaddrinfo!ws2_32.dll' desde 'SupportedAPIs.xml'."
"Message",Normal,"          P/Invoke 'FreeAddrInfoExW' se resolvió en 'FreeAddrInfoExW!ws2_32.dll' desde 'SupportedAPIs.xml'."
"Message",Normal,"          P/Invoke 'WSASocketW' se resolvió en 'WSASocketW!ws2_32.dll' desde 'SupportedAPIs.xml'."
"Message",Normal,"          P/Invoke 'closesocket' se resolvió en 'closesocket!ws2_32.dll' desde 'SupportedAPIs.xml'."
"Message",Normal,"          P/Invoke 'gethostname' se resolvió en 'gethostname!ws2_32.dll' desde 'SupportedAPIs.xml'."
"Message",Normal,"          P/Invoke 'CryptGetDefaultProviderW' se resolvió en 'CryptGetDefaultProviderW!advapi32.dll' desde 'SupportedAPIs.xml'."
"Message",Normal,"          P/Invoke 'CryptAcquireContextW' se resolvió en 'CryptAcquireContextW!advapi32.dll' desde 'SupportedAPIs.xml'."
"Message",Normal,"          P/Invoke 'CryptGetUserKey' se resolvió en 'CryptGetUserKey!advapi32.dll' desde 'SupportedAPIs.xml'."
"Message",Normal,"          P/Invoke 'getsockopt' se resolvió en 'getsockopt!ws2_32.dll' desde 'SupportedAPIs.xml'."
"Message",Normal,"          P/Invoke 'getsockopt' se resolvió en 'getsockopt!ws2_32.dll' desde 'SupportedAPIs.xml'."
"Message",Normal,"          P/Invoke 'getsockopt' se resolvió en 'getsockopt!ws2_32.dll' desde 'SupportedAPIs.xml'."
"Message",Normal,"          P/Invoke 'CertGetCertificateChain' se resolvió en 'CertGetCertificateChain!crypt32.dll' desde 'SupportedAPIs.xml'."
"Message",Normal,"          P/Invoke 'ioctlsocket' se resolvió en 'ioctlsocket!ws2_32.dll' desde 'SupportedAPIs.xml'."
"Message",Normal,"          P/Invoke 'setsockopt' se resolvió en 'setsockopt!ws2_32.dll' desde 'SupportedAPIs.xml'."
"Message",Normal,"          P/Invoke 'LsaGetLogonSessionData' se resolvió en 'LsaGetLogonSessionData!sspicli.dll' desde 'SupportedAPIs.xml'."
"Message",Normal,"          P/Invoke 'CertNameToStrW' se resolvió en 'CertNameToStrW!crypt32.dll' desde 'SupportedAPIs.xml'."
"Message",Normal,"          P/Invoke 'CryptFormatObject' se resolvió en 'CryptFormatObject!crypt32.dll' desde 'SupportedAPIs.xml'."
"Message",Normal,"          P/Invoke 'CryptGetProvParam' se resolvió en 'CryptGetProvParam!advapi32.dll' desde 'SupportedAPIs.xml'."
"Message",Normal,"          P/Invoke 'CryptDestroyKey' se resolvió en 'CryptDestroyKey!advapi32.dll' desde 'SupportedAPIs.xml'."
"Message",Normal,"          P/Invoke 'LsaNtStatusToWinError' se resolvió en 'LsaNtStatusToWinError!advapi32.dll' desde 'SupportedAPIs.xml'."
"Message",Normal,"          P/Invoke 'DuplicateTokenEx' se resolvió en 'DuplicateTokenEx!advapi32.dll' desde 'SupportedAPIs.xml'."
"Message",Normal,"          P/Invoke 'CheckTokenMembershipEx' se resolvió en 'CheckTokenMembershipEx!kernel32.dll' desde 'SupportedAPIs.xml'."
"Message",Normal,"          P/Invoke 'CryptFormatObject' se resolvió en 'CryptFormatObject!crypt32.dll' desde 'SupportedAPIs.xml'."
"Message",Normal,"          P/Invoke 'LsaFreeReturnBuffer' se resolvió en 'LsaFreeReturnBuffer!sspicli.dll' desde 'SupportedAPIs.xml'."
"Message",Normal,"          P/Invoke 'accept' se resolvió en 'accept!ws2_32.dll' desde 'SupportedAPIs.xml'."
"Message",Normal,"          P/Invoke 'GetAddrInfoExW' se resolvió en 'GetAddrInfoExW!ws2_32.dll' desde 'SupportedAPIs.xml'."
"Message",Normal,"          P/Invoke 'WSARecv' se resolvió en 'WSARecv!ws2_32.dll' desde 'SupportedAPIs.xml'."
"Message",Normal,"          P/Invoke 'WSASend' se resolvió en 'WSASend!ws2_32.dll' desde 'SupportedAPIs.xml'."
"Message",Normal,"          P/Invoke 'GetTokenInformation' se resolvió en 'GetTokenInformation!advapi32.dll' desde 'SupportedAPIs.xml'."
"Message",Normal,"          P/Invoke 'LocalAlloc' se resolvió en 'LocalAlloc!kernel32.dll' desde 'SupportedAPIs.xml'."
"Message",Normal,"          P/Invoke 'CryptImportPublicKeyInfoEx2' se resolvió en 'CryptImportPublicKeyInfoEx2!crypt32.dll' desde 'SupportedAPIs.xml'."
"Message",Normal,"          P/Invoke 'BCryptExportKey' se resolvió en 'BCryptExportKey!BCrypt.dll' desde 'SupportedAPIs.xml'."
"Message",Normal,"          P/Invoke 'CryptDecodeObject' se resolvió en 'CryptDecodeObject!crypt32.dll' desde 'SupportedAPIs.xml'."
"Message",Normal,"          P/Invoke 'CryptReleaseContext' se resolvió en 'CryptReleaseContext!advapi32.dll' desde 'SupportedAPIs.xml'."
"Message",Normal,"          P/Invoke 'CertFreeCertificateChain' se resolvió en 'CertFreeCertificateChain!crypt32.dll' desde 'SupportedAPIs.xml'."
"Message",Normal,"          P/Invoke 'GetNetworkParams' se resolvió en 'GetNetworkParams!iphlpapi.dll' desde 'SupportedAPIs.xml'."
"Message",Normal,"          P/Invoke 'LocalAlloc' se resolvió en 'LocalAlloc!kernel32.dll' desde 'SupportedAPIs.xml'."
"Message",Normal,"          P/Invoke 'CertVerifyCertificateChainPolicy' se resolvió en 'CertVerifyCertificateChainPolicy!crypt32.dll' desde 'SupportedAPIs.xml'."
"Message",Normal,"          P/Invoke 'LocalFree' se resolvió en 'LocalFree!kernel32.dll' desde 'SupportedAPIs.xml'."
"Message",Normal,"          P/Invoke 'CertAddCertificateLinkToStore' se resolvió en 'CertAddCertificateLinkToStore!crypt32.dll' desde 'SupportedAPIs.xml'."
"Message",Normal,"          P/Invoke 'FormatMessageW' se resolvió en 'FormatMessageW!kernel32.dll' desde 'SupportedAPIs.xml'."
"Message",Normal,"          P/Invoke 'BCryptGetProperty' se resolvió en 'BCryptGetProperty!BCrypt.dll' desde 'SupportedAPIs.xml'."
"Message",Normal,"          P/Invoke 'NCryptImportKey' se resolvió en 'NCryptImportKey!ncrypt.dll' desde 'SupportedAPIs.xml'."
"Message",Normal,"          P/Invoke 'NCryptGetProperty' se resolvió en 'NCryptGetProperty!ncrypt.dll' desde 'SupportedAPIs.xml'."
"Message",Normal,"          P/Invoke 'CryptImportKey' se resolvió en 'CryptImportKey!advapi32.dll' desde 'SupportedAPIs.xml'."
"Message",Normal,"          P/Invoke 'CryptSetProvParam' se resolvió en 'CryptSetProvParam!advapi32.dll' desde 'SupportedAPIs.xml'."
"Message",Normal,"          P/Invoke 'BCryptDestroyKey' se resolvió en 'BCryptDestroyKey!BCrypt.dll' desde 'SupportedAPIs.xml'."
"Message",Normal,"          P/Invoke 'LocalFree' se resolvió en 'LocalFree!kernel32.dll' desde 'SupportedAPIs.xml'."
"Message",Normal,"          P/Invoke 'CertControlStore' se resolvió en 'CertControlStore!crypt32.dll' desde 'SupportedAPIs.xml'."
"Message",Normal,"          P/Invoke 'CertOpenStore' se resolvió en 'CertOpenStore!crypt32.dll' desde 'SupportedAPIs.xml'."
"Message",Normal,"          P/Invoke 'NCryptSetProperty' se resolvió en 'NCryptSetProperty!ncrypt.dll' desde 'SupportedAPIs.xml'."
"Message",Normal,"          P/Invoke 'CryptDecodeObject' se resolvió en 'CryptDecodeObject!crypt32.dll' desde 'SupportedAPIs.xml'."
"Message",Normal,"          P/Invoke 'CryptSetProvParam' se resolvió en 'CryptSetProvParam!advapi32.dll' desde 'SupportedAPIs.xml'."
"Message",Normal,"          P/Invoke 'GetNameInfoW' se resolvió en 'GetNameInfoW!ws2_32.dll' desde 'SupportedAPIs.xml'."
"Message",Normal,"          P/Invoke 'GetTokenInformation' se resolvió en 'GetTokenInformation!advapi32.dll' desde 'SupportedAPIs.xml'."
"Message",Normal,"          P/Invoke 'DuplicateHandle' se resolvió en 'DuplicateHandle!kernel32.dll' desde 'SupportedAPIs.xml'."
"Message",Normal,"          P/Invoke 'CryptFindOIDInfo' se resolvió en 'CryptFindOIDInfo!crypt32.dll' desde 'SupportedAPIs.xml'."
"Message",Normal,"          P/Invoke 'CryptGenKey' se resolvió en 'CryptGenKey!advapi32.dll' desde 'SupportedAPIs.xml'."
"Message",Normal,"          P/Invoke 'CertVerifyCertificateChainPolicy' se resolvió en 'CertVerifyCertificateChainPolicy!crypt32.dll' desde 'SupportedAPIs.xml'."
"Message",Normal,"          P/Invoke 'LsaLookupSids' se resolvió en 'LsaLookupSids!advapi32.dll' desde 'SupportedAPIs.xml'."
"Message",Normal,"          P/Invoke 'CertFindExtension' se resolvió en 'CertFindExtension!crypt32.dll' desde 'SupportedAPIs.xml'."
"Message",Normal,"          P/Invoke 'CertGetValidUsages' se resolvió en 'CertGetValidUsages!crypt32.dll' desde 'SupportedAPIs.xml'."
"Message",Normal,"          P/Invoke 'CertGetIntendedKeyUsage' se resolvió en 'CertGetIntendedKeyUsage!crypt32.dll' desde 'SupportedAPIs.xml'."
"Message",Normal,"          P/Invoke 'LsaLookupNames2' se resolvió en 'LsaLookupNames2!advapi32.dll' desde 'SupportedAPIs.xml'."
"Message",Normal,"          P/Invoke 'CertEnumCertificatesInStore' se resolvió en 'CertEnumCertificatesInStore!crypt32.dll' desde 'SupportedAPIs.xml'."
"Message",Normal,"          P/Invoke 'SetFileCompletionNotificationModes' se resolvió en 'SetFileCompletionNotificationModes!kernel32.dll' desde 'SupportedAPIs.xml'."
"Message",Normal,"          P/Invoke 'BCryptCreateHash' se resolvió en 'BCryptCreateHash!BCrypt.dll' desde 'SupportedAPIs.xml'."
"Message",Normal,"          P/Invoke 'BCryptGetProperty' se resolvió en 'BCryptGetProperty!BCrypt.dll' desde 'SupportedAPIs.xml'."
"Message",Normal,"          P/Invoke 'LsaOpenPolicy' se resolvió en 'LsaOpenPolicy!advapi32.dll' desde 'SupportedAPIs.xml'."
"Message",Normal,"          P/Invoke 'CertVerifyTimeValidity' se resolvió en 'CertVerifyTimeValidity!crypt32.dll' desde 'SupportedAPIs.xml'."
"Message",Normal,"          P/Invoke 'LsaClose' se resolvió en 'LsaClose!advapi32.dll' desde 'SupportedAPIs.xml'."
"Message",Normal,"          P/Invoke 'LsaFreeMemory' se resolvió en 'LsaFreeMemory!advapi32.dll' desde 'SupportedAPIs.xml'."
"Message",Normal,"          P/Invoke 'CertFreeCertificateContext' se resolvió en 'CertFreeCertificateContext!crypt32.dll' desde 'SupportedAPIs.xml'."
"Message",Normal,"          P/Invoke 'EncryptMessage' se resolvió en 'EncryptMessage!sspicli.dll' desde 'SupportedAPIs.xml'."
"Message",Normal,"          P/Invoke 'DecryptMessage' se resolvió en 'DecryptMessage!sspicli.dll' desde 'SupportedAPIs.xml'."
"Message",Normal,"          P/Invoke 'BCryptOpenAlgorithmProvider' se resolvió en 'BCryptOpenAlgorithmProvider!BCrypt.dll' desde 'SupportedAPIs.xml'."
"Message",Normal,"          P/Invoke 'BCryptCloseAlgorithmProvider' se resolvió en 'BCryptCloseAlgorithmProvider!BCrypt.dll' desde 'SupportedAPIs.xml'."
"Message",Normal,"          P/Invoke 'BCryptDestroyHash' se resolvió en 'BCryptDestroyHash!BCrypt.dll' desde 'SupportedAPIs.xml'."
"Message",Normal,"          P/Invoke 'EnumerateSecurityPackagesW' se resolvió en 'EnumerateSecurityPackagesW!sspicli.dll' desde 'SupportedAPIs.xml'."
"Message",Normal,"          P/Invoke 'QueryContextAttributesW' se resolvió en 'QueryContextAttributesW!sspicli.dll' desde 'SupportedAPIs.xml'."
"Message",Normal,"          P/Invoke 'ApplyControlToken' se resolvió en 'ApplyControlToken!sspicli.dll' desde 'SupportedAPIs.xml'."
"Message",Normal,"          P/Invoke 'FreeContextBuffer' se resolvió en 'FreeContextBuffer!sspicli.dll' desde 'SupportedAPIs.xml'."
"Message",Normal,"          P/Invoke 'AcceptSecurityContext' se resolvió en 'AcceptSecurityContext!sspicli.dll' desde 'SupportedAPIs.xml'."
"Message",Normal,"          P/Invoke 'DeleteSecurityContext' se resolvió en 'DeleteSecurityContext!sspicli.dll' desde 'SupportedAPIs.xml'."
"Message",Normal,"          P/Invoke 'InitializeSecurityContextW' se resolvió en 'InitializeSecurityContextW!sspicli.dll' desde 'SupportedAPIs.xml'."
"Message",Normal,"          P/Invoke 'AcquireCredentialsHandleW' se resolvió en 'AcquireCredentialsHandleW!sspicli.dll' desde 'SupportedAPIs.xml'."
"Message",Normal,"          P/Invoke 'FreeCredentialsHandle' se resolvió en 'FreeCredentialsHandle!sspicli.dll' desde 'SupportedAPIs.xml'."
"Message",High,"  Generando código..."
"Message",High,"  Código de interoperabilidad generado."
"Message",Normal,"  Código escrito en AssemblyInfo.g.cs"
"Message",Normal,"  Código escrito en Adapters.g.cs"
"Message",Normal,"  Código escrito en Data.g.cs"
"Message",Normal,"  Código escrito en Helpers.g.cs"
"Message",Normal,"  Código escrito en ImplTypes.g.cs"
"Message",Normal,"  Código escrito en PInvoke.g.cs"
"Message",Normal,"  Código escrito en SafeTypes.g.cs"
"Message",Normal,"  Código escrito en SharedStubs.g.cs"
"Message",Normal,"Ejecutando la transformación 'GenerateCodeAndCompile', montón en 316 MB."
"Message",High,"Compilando el código de interoperabilidad"
"Message",Normal,"Compilando el código fuente generado: C:\Program Files (x86)\Microsoft SDKs\UWPNuGetPackages\microsoft.net.native.compiler\2.2.10-rel-29722-00\tools\csc\csc.exe /noconfig @""C:\Users\angel\Desktop\ipo2-pokeGo\obj\x64\Release\ilc\intermediate\PokeGo.McgInterop.rsp"""
"Message",High,"Generando el código proxy System.Reflection.DispatchProxy."
"Message",Normal,"Ejecutando la transformación 'ReducedCopyInitialize', montón en 316 MB."
"Message",Normal,"Ejecutando la transformación 'ReducedCopyEmptyTypes', montón en 295 MB."
"Message",Normal,"Ejecutando la transformación 'ReducedCopyPopulateTypes', montón en 302 MB."
"Message",Normal,"Ejecutando la transformación 'ReducedCopyLateMetadata', montón en 349 MB."
"Message",Normal,"Ejecutando la transformación 'ReducedCopyPassResourcesToMutableAssembly', montón en 368 MB."
"Message",Normal,"Ejecutando la transformación 'ReducedCopyMethodBodies', montón en 370 MB."
"Message",Normal,"Ejecutando la transformación 'ReducedCopyComplete', montón en 407 MB."
"Message",Normal,"Ejecutando la transformación 'ReducedCopyCleanup', montón en 367 MB."
"Message",Normal,"Ejecutando la transformación 'DeveloperExperienceModeOnlyCodeRemover', montón en 367 MB."
"Message",Normal,"Ejecutando la transformación 'ComImportDetector', montón en 367 MB."
"Message",Normal,"Ejecutando la transformación 'McgAccessor', montón en 367 MB."
"Message",Normal,"Ejecutando la transformación 'McgRedirect', montón en 370 MB."
"Message",Normal,"Ejecutando la transformación 'McgRedirect', montón en 378 MB."
"Message",Normal,"Ejecutando la transformación 'McgTypeOf', montón en 380 MB."
"Message",Normal,"Ejecutando la transformación 'EventSource', montón en 390 MB."
"Message",Normal,"Ejecutando la transformación 'ValueType', montón en 390 MB."
"Message",Normal,"Ejecutando la transformación 'Attribute', montón en 390 MB."
"Message",Normal,"Ejecutando la transformación 'GetType', montón en 391 MB."
"Message",Normal,"Ejecutando la transformación 'McgFixups', montón en 392 MB."
"Message",Normal,"Ejecutando la transformación 'ResourceManagerCtor', montón en 394 MB."
"Message",Normal,"Ejecutando la transformación 'TypeofTypeHandle', montón en 394 MB."
"Message",Normal,"Ejecutando la transformación 'DispatchProxyIntrinsics', montón en 403 MB."
"Message",Normal,"Ejecutando la transformación 'StaticInitData', montón en 404 MB."
"Message",Normal,"Ejecutando la transformación 'Delegate', montón en 387 MB."
"Message",Normal,"Ejecutando la transformación 'LazyGenerics', montón en 390 MB."
"Message",Normal,"Ejecutando la transformación 'AddReflectionBlockedAttributes', montón en 423 MB."
"Message",Normal,"Ejecutando la transformación 'DisableOptimization', montón en 423 MB."
"Message",Normal,"Ejecutando la transformación 'ResourceExtractor', montón en 423 MB."
"Message",Normal,"Ejecutando la transformación 'CreateMetadata', montón en 424 MB."
"Message",Normal,"Ejecutando la transformación 'StartupCodeInjector', montón en 421 MB."
"Message",Normal,"Ejecutando la transformación 'SaveRVAStatics', montón en 421 MB."
"Message",Normal,"Ejecutando la transformación 'ReflectionInvoke', montón en 423 MB."
"Message",Normal,"Ejecutando la transformación 'ScrubOpenCalls', montón en 426 MB."
"Message",Normal,"Ejecutando la transformación 'ConvertCatchIntoFilter', montón en 426 MB."
"Message",Normal,"Ejecutando la transformación 'ReflectionMappingInfoEmit', montón en 426 MB."
"Message",Normal,"Ejecutando la transformación 'ReflectionIntrinsics', montón en 430 MB."
"Message",Normal,"Ejecutando la transformación 'ConvertManagedWinMD', montón en 430 MB."
"Message",Normal,"Ejecutando la transformación 'DebuggerGuidedStepThroughJmc', montón en 430 MB."
"Message",Normal,"Ejecutando la transformación 'Reducer', montón en 437 MB."
"Message",High,"Limpiando el código al que no se hace referencia"
"Message",Normal,"Ejecutando la transformación 'WriteAssemblies', montón en 511 MB."
"Message",Normal,""
"Message",Normal,"Resumen de la transformación"
"Message",Normal,"    ms | delta en el montón | nombre"
"Message",Normal,"  5785 |         90 | Analysis"
"Message",Normal,"  2208 |          0 | GenerateCodeAndCompile"
"Message",Normal,"  1245 |       -327 | WriteAssemblies"
"Message",Normal,"   981 |         50 | Mcg"
"Message",Normal,"   802 |         74 | Reducer"
"Message",Normal,"   382 |        -21 | ReducedCopyInitialize"
"Message",Normal,"   259 |        -40 | ReducedCopyComplete"
"Message",Normal,"   224 |         -3 | CreateMetadata"
"Message",Normal,"   214 |         37 | ReducedCopyMethodBodies"
"Message",Normal,"   171 |         47 | ReducedCopyPopulateTypes"
"Message",Normal,"   129 |         19 | ReducedCopyLateMetadata"
"Message",Normal,"   114 |         33 | LazyGenerics"
"Message",Normal,"   100 |          8 | McgRedirect"
"Message",Normal,"    99 |        -17 | StaticInitData"
"Message",Normal,"    98 |         14 | DumpNativeResources"
"Message",Normal,"    79 |         10 | McgTypeOf"
"Message",Normal,"    51 |          1 | ResourceExtractor"
"Message",Normal,"    47 |          9 | TypeofTypeHandle"
"Message",Normal,"    47 |          2 | McgRedirect"
"Message",Normal,"    36 |          2 | SaveRVAStatics"
"Message",Normal,"    17 |          7 | DebuggerGuidedStepThroughJmc"
"Message",Normal,"    17 |          1 | GetType"
"Message",Normal,"    16 |          7 | ReducedCopyEmptyTypes"
"Message",Normal,"    12 |          1 | DispatchProxyIntrinsics"
"Message",Normal,"    10 |          0 | ScrubOpenCalls"
"Message",Normal,"     9 |          0 | ReflectionIntrinsics"
"Message",Normal,"     8 |          3 | McgAccessor"
"Message",Normal,"     7 |          2 | McgFixups"
"Message",Normal,"     4 |          0 | ConvertCatchIntoFilter"
"Message",Normal,"     4 |          3 | Delegate"
"Message",Normal,"     4 |          3 | ReflectionInvoke"
"Message",Normal,"     2 |          1 | Attribute"
"Message",Normal,"     2 |          4 | ReflectionMappingInfoEmit"
"Message",Normal,"     2 |          0 | EventSource"
"Message",Normal,"     1 |          0 | AddReflectionBlockedAttributes"
"Message",Normal,"     1 |          2 | ReducedCopyPassResourcesToMutableAssembly"
"Message",Normal,"     1 |          0 | ReducedCopyCleanup"
"Message",Normal,"     1 |          0 | ValueType"
"Message",Normal,"     0 |          0 | DisableOptimization"
"Message",Normal,"     0 |          0 | ResourceManagerCtor"
"Message",Normal,"     0 |          0 | DeveloperExperienceModeOnlyCodeRemover"
"Message",Normal,"     0 |          0 | ConvertManagedWinMD"
"Message",Normal,"     0 |          0 | StartupCodeInjector"
"Message",Normal,"     0 |          0 | ComImportDetector"
"Message",Low,"Ejecución de la tarea ""RunILTransforms"" finalizada."
"Message",Low,"Compilación del destino ""RunILTransforms"" en el archivo ""ILTransforms"" finalizada."
"Message",Low,"Compilación del proyecto ""ILTransforms"" finalizada."
"Message",Low,""
"Message",Low,""
"Message",Low,"Compilación del destino ""GenerateMDIL"" en el archivo ""Nutc"" finalizada."
"Message",Low,""
"Message",High,"Generando el código nativo"
"Message",Low,"Compilación del destino ""MDILPrepareMultiFile"" en el archivo ""Nutc"" finalizada."
"Message",Low,""
"Message",Low,"Compilación del destino ""SetBinaryForReferences"" en el archivo ""Nutc"" finalizada."
"Message",Low,""
"Message",Low,"Tarea ""GenerateMDILGlobalAnalysis"""
"Message",Normal,"Iniciando 'C:\Program Files (x86)\Microsoft SDKs\UWPNuGetPackages\runtime.win10-x64.microsoft.net.native.compiler\2.2.10-rel-29722-00\tools\x64\ilc\Tools\nutc_driver.exe @""C:\Users\angel\Desktop\ipo2-pokeGo\obj\x64\Release\ilc\intermediate\MDIL\PokeGo.rsp""'"
"Message",Low,"Microsoft (R) MDIL Compiler - Version 2.2.29722.00"
"Message",Low,"Copyright (c) Microsoft Corporation.  All rights reserved."
"Message",Low,"Detectando tipos de entrada"
"Message",Low,"Detectando 11832 métodos."
"Message",Low,"Detectando 11327 métodos."
"Message",Low,"Detectando 5725 métodos."
"Message",Low,"Detectando 3831 métodos."
"Message",Low,"Detectando 2917 métodos."
"Message",Low,"Detectando 2651 métodos."
"Message",Low,"Detectando 2513 métodos."
"Message",Low,"Detectando 1588 métodos."
"Message",Low,"Detectando 1208 métodos."
"Message",Low,"Detectando 941 métodos."
"Message",Low,"Detectando 660 métodos."
"Message",Low,"Detectando 592 métodos."
"Message",Low,"Detectando 511 métodos."
"Message",Low,"Detectando 458 métodos."
"Message",Low,"Detectando 496 métodos."
"Message",Low,"Detectando 320 métodos."
"Message",Low,"Detectando 137 métodos."
"Message",Low,"Detectando 126 métodos."
"Message",Low,"Detectando 56 métodos."
"Message",Low,"Detectando 16 métodos."
"Message",Low,"Detectando 14 métodos."
"Message",Low,"Detectando 2 métodos."
"Message",Low,"Detectando 6 métodos."
"Message",Low,"Detectando 12 métodos."
"Message",Low,"Detectando 14 métodos."
"Message",Low,"Detectando 13 métodos."
"Message",Low,"Generación de código diligente"
"Message",Low,"Compilando 47966 métodos."
"Message",Low,"Generación de código diferido"
"Message",Low,"La llamada al método administrado Initialize se realizó correctamente; código de salida: 0 al generar CTL.Estadísticas de metadatos de seguimiento de la pila"
"Message",Low,"Número de métodos emitidos:   24283"
"Message",Low,"Tamaño del blob de metadatos:          612961"
"Message",Low,"RVA del método; tamaño de asignación de tokens: 194264"
"Message",Low,"Tamaño nativo total:           807225"
"Message",Low,"""C:\Users\angel\Desktop\ipo2-pokeGo\obj\x64\Release\ilc\intermediate\MDIL\PokeGo.mdilexe"" se generó correctamente"
"Message",Low,"""C:\Users\angel\Desktop\ipo2-pokeGo\obj\x64\Release\ilc\intermediate\MDIL\PokeGo.mdilpdb"" se generó correctamente"
"Message",Low,"Compilado en código MDIL."
"Message",Normal,"'C:\Program Files (x86)\Microsoft SDKs\UWPNuGetPackages\runtime.win10-x64.microsoft.net.native.compiler\2.2.10-rel-29722-00\tools\x64\ilc\Tools\nutc_driver.exe @""C:\Users\angel\Desktop\ipo2-pokeGo\obj\x64\Release\ilc\intermediate\MDIL\PokeGo.rsp""' se ha completado."
"Message",Normal,"Procesar estadísticas de ejecución (todas las veces en milisegundos)"
"Message",Normal,"-----------------------------------------------------------------------------"
"Message",Normal,"inicio  |  iniciar   |   detener   |   finalizar    | duración | vigencia | nombre [ranura]"
"Message",Normal,"-----------------------------------------------------------------------------"
"Message",Normal,"       0 |        0 |    15062 |    15062 |    15062 |    15062 | [0] Nutc GlobalAnalysis"
"Message",Normal,"Número de comandos:      1"
"Message",Normal,"Tiempo total del sistema:       15062 ms"
"Message",Normal,"Tiempo del sistema por comando: 15062 ms"
"Message",Normal,"Duración total:          15062 ms"
"Message",Normal,"Vigencia total:          15062 ms"
"Message",Normal,"DOP solicitado:           20"
"Message",Normal,"DOP de la duración:            1,0"
"Message",Normal,"DOP de la vigencia:            1,0"
"Message",Low,"Ejecución de la tarea ""GenerateMDILGlobalAnalysis"" finalizada."
"Message",Low,"Compilación del destino ""GenerateMDILGlobalAnalysis"" en el archivo ""Nutc"" finalizada."
"Message",Low,""
"Message",Low,"Tarea ""rc"""
"Message",Normal,"Iniciando 'C:\Program Files (x86)\Windows Kits\10\bin\10.0.19041.0\x64\rc.exe /c ""65001"" /r /fo ""C:\Users\angel\Desktop\ipo2-pokeGo\obj\x64\Release\ilc\intermediate\BuildInfo\BuildInfo.res"" ""C:\Users\angel\Desktop\ipo2-pokeGo\obj\x64\Release\ilc\intermediate\BuildInfo\BuildInfo.rc""'"
"Message",Low,"Microsoft (R) Windows (R) Resource Compiler Version 10.0.10011.16384"
"Message",Low,"Copyright (C) Microsoft Corporation.  All rights reserved."
"Message",Normal,"'C:\Program Files (x86)\Windows Kits\10\bin\10.0.19041.0\x64\rc.exe /c ""65001"" /r /fo ""C:\Users\angel\Desktop\ipo2-pokeGo\obj\x64\Release\ilc\intermediate\BuildInfo\BuildInfo.res"" ""C:\Users\angel\Desktop\ipo2-pokeGo\obj\x64\Release\ilc\intermediate\BuildInfo\BuildInfo.rc""' se ha completado."
"Message",Normal,"Procesar estadísticas de ejecución (todas las veces en milisegundos)"
"Message",Normal,"-----------------------------------------------------------------------------"
"Message",Normal,"inicio  |  iniciar   |   detener   |   finalizar    | duración | vigencia | nombre [ranura]"
"Message",Normal,"-----------------------------------------------------------------------------"
"Message",Normal,"       0 |        0 |       16 |       16 |       16 |       16 | [0] rc"
"Message",Normal,"Número de comandos:      1"
"Message",Normal,"Tiempo total del sistema:       16 ms"
"Message",Normal,"Tiempo del sistema por comando: 16 ms"
"Message",Normal,"Duración total:          16 ms"
"Message",Normal,"Vigencia total:          16 ms"
"Message",Normal,"DOP solicitado:           20"
"Message",Normal,"DOP de la duración:            1,0"
"Message",Normal,"DOP de la vigencia:            1,0"
"Message",Low,"Ejecución de la tarea ""rc"" finalizada."
"Message",Low,"Tarea ""ResourceBinaryConcatenate"""
"Message",Normal,"Concatenando en 'C:\Users\angel\Desktop\ipo2-pokeGo\obj\x64\Release\ilc\intermediate\Native.res' con la alineación '4'."
"Message",Normal," Se agregó 'C:\Users\angel\Desktop\ipo2-pokeGo\obj\x64\Release\ilc\intermediate\ILTransformed\PokeGo.res' en el desplazamiento 0."
"Message",Normal," Se agregó 'C:\Users\angel\Desktop\ipo2-pokeGo\obj\x64\Release\ilc\intermediate\BuildInfo\BuildInfo.res' en el desplazamiento 1368."
"Message",Low,"Ejecución de la tarea ""ResourceBinaryConcatenate"" finalizada."
"Message",Low,"Compilación del destino ""GenerateBuildInfo"" en el archivo ""Nutc"" finalizada."
"Message",Low,"Compilación del proyecto ""Nutc"" finalizada."
"Message",Low,""
"Message",Low,""
"Message",Low,"Compilación del destino ""MDILBindPrepare"" en el archivo ""Binder"" finalizada."
"Message",Low,""
"Message",High,"Generando las correcciones para el código nativo"
"Message",Low,"Tarea ""MDILBind"""
"Message",Normal,"Iniciando 'C:\Program Files (x86)\Microsoft SDKs\UWPNuGetPackages\runtime.win10-x64.microsoft.net.native.compiler\2.2.10-rel-29722-00\tools\x64\ilc\Tools\rhbind.exe @""C:\Users\angel\Desktop\ipo2-pokeGo\obj\x64\Release\ilc\intermediate\rhbindargs.PokeGo.rsp""'"
"Message",Low,"VERSIÓN DE SO: principal: 6, secundaria: 2"
"Message",Low,"MDIL: C:\Users\angel\Desktop\ipo2-pokeGo\obj\x64\Release\ilc\intermediate\MDIL\PokeGo.mdilexe"
"Message",Low,"MDILPDB: C:\Users\angel\Desktop\ipo2-pokeGo\obj\x64\Release\ilc\intermediate\MDIL\PokeGo.mdilpdb"
"Message",Low,"IL: C:\Users\angel\Desktop\ipo2-pokeGo\obj\x64\Release\ilc\intermediate\MDIL\PokeGo.ilexe"
"Message",Low,"NI: C:\Users\angel\Desktop\ipo2-pokeGo\obj\x64\Release\ilc\intermediate\Native\PokeGo.dll"
"Message",Low,"SHIM: C:\Users\angel\Desktop\ipo2-pokeGo\obj\x64\Release\ilc\intermediate\Native\PokeGo.exe"
"Message",Low,"REDHAWK_RUNTIME_DLL_NAME_A=mrt100_app.dll"
"Message",Low,"pdb: C:\Users\angel\Desktop\ipo2-pokeGo\obj\x64\Release\ilc\intermediate\Native\PokeGo.pdb"
"Message",Low,"Se produjeron C:\Users\angel\Desktop\ipo2-pokeGo\obj\x64\Release\ilc\intermediate\Native\PokeGo.dll en 1.484 segundos"
"Message",Normal,"'C:\Program Files (x86)\Microsoft SDKs\UWPNuGetPackages\runtime.win10-x64.microsoft.net.native.compiler\2.2.10-rel-29722-00\tools\x64\ilc\Tools\rhbind.exe @""C:\Users\angel\Desktop\ipo2-pokeGo\obj\x64\Release\ilc\intermediate\rhbindargs.PokeGo.rsp""' se ha completado."
"Message",Normal,"Procesar estadísticas de ejecución (todas las veces en milisegundos)"
"Message",Normal,"-----------------------------------------------------------------------------"
"Message",Normal,"inicio  |  iniciar   |   detener   |   finalizar    | duración | vigencia | nombre [ranura]"
"Message",Normal,"-----------------------------------------------------------------------------"
"Message",Normal,"       0 |       16 |     1531 |     1531 |     1515 |     1531 | [0] rhbind PokeGo"
"Message",Normal,"Número de comandos:      1"
"Message",Normal,"Tiempo total del sistema:       1531 ms"
"Message",Normal,"Tiempo del sistema por comando: 1531 ms"
"Message",Normal,"Duración total:          1515 ms"
"Message",Normal,"Vigencia total:          1531 ms"
"Message",Normal,"DOP solicitado:           20"
"Message",Normal,"DOP de la duración:            1,0"
"Message",Normal,"DOP de la vigencia:            1,0"
"Message",Low,"Ejecución de la tarea ""MDILBind"" finalizada."
"Message",Low,"Compilación del destino ""MDILBind"" en el archivo ""Binder"" finalizada."
"Message",Low,"Compilación del proyecto ""Binder"" finalizada."
"Message",Low,""
"Message",Low,""
"Message",Low,"Compilación del destino ""CopyNativeExecutablesToOutput"" en el archivo ""Deployment"" finalizada."
"Message",Low,""
"Message",Low,"Tarea ""TransformAppxManifest"""
"Message",Low,"Ejecución de la tarea ""TransformAppxManifest"" finalizada."
"Message",Low,"Compilación del destino ""TransformAppxManifestAndAddCrt"" en el archivo ""Deployment"" finalizada."
"Message",Low,""
"Message",Low,"Compilación del destino ""CopyPackageResourceFileInRetailBuild"" en el archivo ""Deployment"" finalizada."
"Message",Low,"Compilación del proyecto ""Deployment"" finalizada."
"Message",Low,"Compilación finalizada."
